filename,pages_total
articles/161_Paper.pdf,7
articles/054_Paper.pdf,7
articles/257_Paper.pdf,7
articles/088_Paper.pdf,7
articles/128_Paper.pdf,7
articles/252_Paper.pdf,7
articles/195_Paper.pdf,7
articles/077_Paper.pdf,7
articles/033_Paper.pdf,7
articles/289_Paper.pdf,7
articles/173_Paper.pdf,7
articles/030_Paper.pdf,7
articles/039_Paper.pdf,7
articles/243_Paper.pdf,7
articles/284_Paper.pdf,7
articles/228_Paper.pdf,7
articles/106_Paper.pdf,7
articles/217_Paper.pdf,7
articles/022_Paper.pdf,7
articles/097_Paper.pdf,7
articles/162_Paper.pdf,7
articles/213_Paper.pdf,7
articles/240_Paper.pdf,7
articles/283_Paper.pdf,7
articles/233_Paper.pdf,7
articles/156_Paper.pdf,7
articles/044_Paper.pdf,7
articles/163_Paper.pdf,7
articles/151_Paper.pdf,7
articles/260_Paper.pdf,6
articles/046_Paper.pdf,7
articles/093_Paper.pdf,7
articles/132_Paper.pdf,7
articles/037_Paper.pdf,7
articles/123_Paper.pdf,7
articles/072_Paper.pdf,7
articles/068_Paper.pdf,7
articles/186_Paper.pdf,7
articles/167_Paper.pdf,7
articles/249_Paper.pdf,7
articles/268_Paper.pdf,7
articles/196_Paper.pdf,5
articles/020_Paper.pdf,7
articles/065_Paper.pdf,7
articles/032_Paper.pdf,7
articles/103_Paper.pdf,7
articles/049_Paper.pdf,7
articles/314_Paper.pdf,7
articles/159_Paper.pdf,7
articles/099_Paper.pdf,7
articles/191_Paper.pdf,7
articles/178_Paper.pdf,7
articles/280_Paper.pdf,7
articles/274_Paper.pdf,7
articles/027_Paper.pdf,7
articles/193_Paper.pdf,7
articles/136_Paper.pdf,7
articles/221_Paper.pdf,7
articles/246_Paper.pdf,7
articles/063_Paper.pdf,7
articles/192_Paper.pdf,6
articles/119_Paper.pdf,7
articles/089_Paper.pdf,7
articles/205_Paper.pdf,7
articles/269_Paper.pdf,7
articles/005_Paper.pdf,7
articles/087_Paper.pdf,7
articles/220_Paper.pdf,7
articles/003_Paper.pdf,7
articles/085_Paper.pdf,7
articles/074_Paper.pdf,7
articles/079_Paper.pdf,7
articles/245_Paper.pdf,6
articles/104_Paper.pdf,7
articles/105_Paper.pdf,7
articles/148_Paper.pdf,7
articles/009_Paper.pdf,7
articles/006_Paper.pdf,6
articles/179_Paper.pdf,7
articles/215_Paper.pdf,7
articles/064_Paper.pdf,7
articles/146_Paper.pdf,7
articles/127_Paper.pdf,7
articles/019_Paper.pdf,7
articles/253_Paper.pdf,7
articles/121_Paper.pdf,7
articles/296_Paper.pdf,7
articles/070_Paper.pdf,7
articles/180_Paper.pdf,6
articles/208_Paper.pdf,7
articles/034_Paper.pdf,7
articles/155_Paper.pdf,7
articles/165_Paper.pdf,7
articles/259_Paper.pdf,7
articles/315_Paper.pdf,7
articles/256_Paper.pdf,7
articles/076_Paper.pdf,7
articles/285_Paper.pdf,6
articles/181_Paper.pdf,7
articles/129_Paper.pdf,7
articles/199_Paper.pdf,6
articles/043_Paper.pdf,7
articles/042_Paper.pdf,7
articles/110_Paper.pdf,7
articles/135_Paper.pdf,7
articles/098_Paper.pdf,7
articles/251_Paper.pdf,7
articles/166_Paper.pdf,7
articles/187_Paper.pdf,7
articles/058_Paper.pdf,7
articles/272_Paper.pdf,7
articles/057_Paper.pdf,7
articles/004_Paper.pdf,7
